Amsterdam, North Holland, The Netherlands
Antwerp, Flemish Region, Belgium
Asheville, North Carolina, United States
Athens, Attica, Greece
Austin, Texas, United States
Barcelona, Catalonia, Spain
Barossa Valley, South Australia, Australia
Barwon South West, Vic, Victoria, Australia
Beijing, Beijing, China
Bergamo, Lombardia, Italy
Berlin, Berlin, Germany
Bologna, Emilia-Romagna, Italy
Bordeaux, Nouvelle-Aquitaine, France
Boston, Massachusetts, United States
Bristol, England, United Kingdom
Broward County, Florida, United States
Brussels, Brussels, Belgium
Cambridge, Massachusetts, United States
Cape Town, Western Cape, South Africa
Chicago, Illinois, United States
Clark County, NV, Nevada, United States
Columbus, Ohio, United States
Copenhagen, Hovedstaden, Denmark
Crete, Crete, Greece
Denver, Colorado, United States
Dublin, Leinster, Ireland
Edinburgh, Scotland, United Kingdom
Euskadi, Euskadi, Spain
Florence, Toscana, Italy
Geneva, Geneva, Switzerland
Ghent, Flemish Region, Belgium
Girona, Catalonia, Spain
Greater Manchester, England, United Kingdom
Hawaii, Hawaii, United States
Hong Kong, Hong Kong, China
Istanbul, Marmara, Turkey
Lisbon, Lisbon, Portugal
London, England, United Kingdom
Los Angeles, California, United States
Lyon, Auvergne-Rhone-Alpes, France
Madrid, Comunidad de Madrid, Spain
Malaga, AndalucÃ­a, Spain
Mallorca, Islas Baleares, Spain
Manchester, England, United Kingdom
Melbourne, Victoria, Australia
Menorca, Islas Baleares, Spain
Milan, Lombardy, Italy
Montreal, Quebec, Canada
Naples, Campania, Italy
Nashville, Tennessee, United States
New Orleans, Louisiana, United States
New York City, New York, United States
Northern Rivers, New South Wales, Australia
Oakland, California, United States
Oslo, Oslo, Norway
Ottawa, Ontario, Canada
Pacific Grove, California, United States
Paris, Ãle-de-France, France
Portland, Oregon, United States
Porto, Norte, Portugal
Prague, Prague, Czech Republic
Puglia, Puglia, Italy
Quebec City, Quebec, Canada
Rhode Island, Rhode Island, United States
Rio de Janeiro, Rio de Janeiro, Brazil
Rome, Lazio, Italy
Salem, OR, Oregon, United States
San Diego, California, United States
San Francisco, California, United States
Santa Clara County, California, United States
Santa Cruz County, California, United States
Seattle, Washington, United States
Sevilla, AndalucÃ­a, Spain
Sicily, Sicilia, Italy
Stockholm, Stockholms lÃ¤n, Sweden
Sydney, New South Wales, Australia
Taipei, Northern Taiwan, Taiwan
Tasmania, Tasmania, Australia
Thessaloniki, Central Macedonia, Greece
Tokyo, KantÅ, Japan
Toronto, Ontario, Canada
Trentino, Trentino-Alto Adige/SÃ¼dtirol, Italy
Twin Cities MSA, Minnesota, United States
Valencia, Valencia, Spain
Vancouver, British Columbia, Canada
Vaud, Vaud, Switzerland
Venice, Veneto, Italy
Victoria, British Columbia, Canada
Vienna, Vienna, Austria
Washington, D.C., District of Columbia, United States
Western Australia, Western Australia, Australia
